{"inputBets":{"W/G":0.9975755647673981,"LAY/Q/G-R":0.7530483155292068,"EX/O-S":0.92482211220464,"LAY/EX/T-K":0.8010927844903045,"W/A":0.7402999254057641,"W/T":0.8534783152313227,"LAY/P/H":0.8961849075447346,"LAY/EX/O-T":0.24640026805791548,"P/O":0.7825739737458439,"LAY/P/O":0.17796319911272507,"Q/Q-A":0.24531359677705,"LAY/W/B":0.7551201954672598,"LAY/W/R":0.7508453997575324,"Q/F-L":0.500552444515787,"EX/F-H":0.7481132758609793},"betOrbits":{"W/G":[0.3091417960260501,0.2741543087751712,0.31944730325970416,0.2716756107088354,0.36854866621043453,0.30606852882827995,0.38738249384478973,0.3464936833539343,0.3769184725473483],"LAY/Q/G-R":[1,0.924387217766603,0.9969063546898234,0.9484050088224069,0.9520317177385658,0.9334281801243054,0.9196603845802616,0.9145930341269279,0.9054905959802021],"EX/O-S":[0.3121116582124908,0.14836969891692928,0.30923417444684953,0.18383544590000594,0.30117842223019586,0.2190181055172775,0.28916372421669645,0.24745178278339516,0.2728185104466664],"LAY/EX/T-K":[1,0.9113708194050121,1,0.9287032875185796,1,0.944370132415215,0.9707745804461156,0.9352056110527464,0.9332004932512025],"W/A":[0.10204803461579388,1.117329224442759e-2,0.14734282406524196,1.628638641408131e-2,0.12985755667472643,4.505697571312678e-2,0.11328240223168665,7.0130316662741e-2,9.438924114474735e-2],"W/T":[7.795088244410407e-2,0.5027893936399157,3.921776361669069e-2,0.46393893186321766,3.924358012207235e-2,0.3458161022842098,6.334525757325812e-2,0.22109712402626297,0.11437098385545118],"LAY/P/H":[1,0.8562005626824102,1,0.9079988463117045,1,0.9400014059018567,0.9816349219572313,0.9486383869915722,0.956538594995804],"LAY/EX/O-T":[0.8012523712984388,0.9842804475112081,0.834436610219694,0.9667232376655425,0.8539721939346854,0.939346863467138,0.8715389559091995,0.915004180698612,0.8909861325400389],"P/O":[1,0.3347301930526084,0.9969063546898234,0.4399886049887065,0.9520317177385658,0.5642249267158516,0.8720698869836085,0.6818183110928123,0.795229684227209],"LAY/P/O":[0,0.6652698069473906,3.0936453101768346e-3,0.5600113950112954,4.796828226143418e-2,0.4357750732841482,0.12793011301639143,0.31818168890718806,0.2047703157727908],"Q/Q-A":[0,0,0,0,0,0,0,0,0],"LAY/W/B":[1,0.9999999999999992,0.9910134126857859,1.000000000000002,0.9929029929524527,0.9999999999999994,1,1.0000000000000013,0.9999999999999997],"LAY/W/R":[1,0.9999999999999992,0.9897920424830067,1.000000000000002,0.991953038350291,0.9999999999999994,1,1.0000000000000013,0.9999999999999997],"Q/F-L":[0,0,0,0,0,0,0,0,0],"EX/F-H":[0,4.779375393476401e-2,0,3.0986862779401936e-2,0,2.3387151124244346e-2,1.836507804276863e-2,2.9831273872277714e-2,3.248892454582586e-2]}}