{"inputBets":{"Q/A-E":0.2605096045513233,"EX/C-D":0.14317233416638242,"LAY/Q/C-E":0.5112573771778336,"LAY/W/E":0.8851912564562199,"LAY/Q/B-D":0.5145643218442638,"Q/D-C":0.5852105176267274,"W/D":0.33494375037751045,"LAY/EX/D-E":0.7765705844231214,"LAY/EX/B-C":0.2649874810343167,"P/D":0.6297821539720381},"betOrbits":{"Q/A-E":[5.0e-2,5.0e-2,0,5.9827162630033515e-2,0,7.830140856711632e-2,0,0,0,0,0,0],"EX/C-D":[5.0e-2,5.0e-2,0,0,0,0,0,0,0,0,0,0],"LAY/Q/C-E":[0.9500000000000003,0.9500000000000003,1.0000000000000002,0.7119398190991231,0.9999999999999999,0.8075820822974621,0.8990276568023081,0.8740952003770088,0.8777200895553219,0.8807118170490156,0.8830726708434551,0.8843693763467307],"LAY/W/E":[0.8000000000000002,0.8000000000000002,1.0000000000000002,1,0.9999999999999999,0.9836470658099657,1,1.0000000000000002,1.0000000000000002,1,1,1],"LAY/Q/B-D":[0.9500000000000003,0.9500000000000003,0.8363421844576069,0.8822174205753042,0.8241064531459737,0.8365005924331473,0.7967797839540833,0.791680921787475,0.7893500133684539,0.7889107309161916,0.7894688563900917,0.7899409665745056],"Q/D-C":[5.0e-2,5.0e-2,0.6330949952393956,0,0.42644508027812855,0.16397835441466524,0.311803678328139,0.29877828195432754,0.30949856900015416,0.3154725766465475,0.31821727464802857,0.31950820129608504],"W/D":[0.2,0.2,0.6330949952393956,0,0.6843122295769785,0.16397835441466524,0.38050790318753924,0.3148965609128797,0.3137311067033692,0.3154725766465475,0.31821727464802857,0.31950820129608504],"LAY/EX/D-E":[0.9500000000000003,0.9500000000000003,1.0000000000000002,1,0.8147423210884372,0.9999999999999999,0.9312957751405997,0.9838817210414481,0.9957674622967851,1,1,1],"LAY/EX/B-C":[0.9500000000000003,0.9500000000000003,0.796752810781789,0.4656699229556063,0.8602057764310046,0.6145500224412059,0.6847004624311477,0.6491204387483962,0.6466610037795937,0.6458500286813403,0.6456757474144819,0.6451978583748486],"P/D":[0.39999999999999997,0.39999999999999997,0.796752810781789,0.11778257942469583,0.8602057764310046,0.3274777619815177,0.583728119233456,0.5232156391254048,0.5243810933349153,0.5265618457303559,0.528748418257937,0.5295672347215793]}}