{"inputBets":{"LAY/EX/I-G":0.35678781351018407,"LAY/W/F":0.7077681228171846,"LAY/Q/A-H":0.29234609383662213,"W/D":0.5909890281182115,"LAY/W/I":0.8533572708542524,"Q/G-A":0.20729171802340318,"LAY/EX/H-J":5.9248007753457066e-2,"Q/D-A":0.9315935573641678,"LAY/Q/D-J":0.9619170411059149,"EX/J-D":0.36291898761554686},"betOrbits":{"LAY/EX/I-G":[0.9888888888888874,0.9888888888888874,1,0.7048982859374431,0.9999999999999998],"LAY/W/F":[0.8999999999999988,0.8999999999999988,1,1.0000000000000004,0.9999999999999998],"LAY/Q/A-H":[0.9888888888888874,0.9888888888888874,1,0.7870992954096292,0.8966946801803989],"W/D":[0.1,0.1,0.9818305932358382,4.599879067353507e-2,0.5602912742776327],"LAY/W/I":[0.8999999999999988,0.8999999999999988,1,0.7048982859374431,0.9999999999999998],"Q/G-A":[1.1111111111111112e-2,1.1111111111111112e-2,0,0,0],"LAY/EX/H-J":[0.9888888888888874,0.9888888888888874,0.9818305932358382,0.5540012093264637,0.6635965940972336],"Q/D-A":[1.1111111111111112e-2,1.1111111111111112e-2,0.9818305932358382,4.599879067353507e-2,0.5602912742776327],"LAY/Q/D-J":[0.9888888888888874,0.9888888888888874,1,1.0000000000000004,0.9999999999999998],"EX/J-D":[1.1111111111111112e-2,1.1111111111111112e-2,0,0,0]}}