{"inputBets":{"LAY/W/G":0.727026205325683,"LAY/Q/P-D":0.9010230049226916,"LAY/W/Q":0.6427259845242724,"LAY/W/J":0.6581640660731837,"EX/Q-G":0.31351515582995526,"LAY/Q/C-O":0.9758026398055458,"Q/F-Q":0.2377808375994459,"LAY/EX/S-H":0.5273032725170812,"Q/D-H":0.9566104367565615,"W/O":0.3994459412872797,"P/E":0.382249679751156,"LAY/P/N":0.1487405022804984,"Q/B-I":0.8964259523882098,"LAY/W/H":0.5834239622154055,"LAY/Q/Q-O":0.5450002948399395,"LAY/Q/D-E":0.16332115338840492,"LAY/P/E":0.7427268456557372,"LAY/Q/I-H":0.985627139534238},"betOrbits":{"LAY/W/G":[0.9500000000000024,0.9500000000000024,1,0.7595867167740855,0.9999999999999991,0.770542152328691,0.9445334611018475,0.8280617687256995,0.9157829242690776,0.8762812644461715,0.9066275686516798,0.8986421148587889,0.9107213468654441,0.9099072631124976,0.9171149850267133,0.9175091029037157,0.9227797932014407,0.923377694668744,0.9274906559874838,0.9281184326084864,0.9314258868255347,0.9320429070849039,0.9347538145699672,0.9354170778807511,0.9376235460716208,0.9383219245808063,0.9402123699607264,0.9409074540690914,0.9425585810458001,0.9432299938074291,0.9419295772884602,0.943025690088867,0.9383333356951888,0.9329612563763848,0.933670842228562,0.9234783563555118,0.9265056805105771,0.9185272247511826,0.9167458012444096,0.9163819223599965,0.905286012559258,0.9074175141983245,0.8943374457343323,0.8938142550869075,0.8807944780275636,0.8752031794856697,0.8609501524789958,0.851379888010045,0.85222588956655,0.8549732856674502,0.8574323642139269],"LAY/Q/P-D":[0.9973684210526341,0.9973684210526341,1,0.9999999999999973,0.9999999999999991,0.9999999999999991,1.0000000000000004,1.0000000000000258,1.0000000000000018,1.000000000000008,0.999999999999998,1.0000000000000036,0.9999999999999959,0.9999999999999984,0.9999999999999973,0.9999999999999967,0.9999999999999997,0.9999999999999907,0.9999999999999967,0.9999999999999991,0.9999999999999922,0.9999999999999909,1.0000000000000013,1.0000000000000102,1.0000000000000022,1.000000000000003,1,0.999999999999996,0.9999999999999998,1.0000000000000058,0.9999999999999993,1.0000000000000036,0.9999999999999982,0.9999999999999972,1.0000000000000004,1.0000000000000009,0.9999999999999969,1.0000000000000036,0.9999999999999976,1.0000000000000009,1.0000000000000009,1.000000000000003,0.9999999999999984,0.9999999999999964,1.0000000000000016,1.0000000000000033,0.9999999999999998,0.9999999999999988,1,1,1],"LAY/W/Q":[0.9500000000000024,0.9500000000000024,1,0.844432972061516,0.9999999999999991,0.7757366246399149,0.9514368032845185,0.8431059699859088,0.9343338508132775,0.9072440814702403,0.928234040398638,0.9260284693275747,0.9331152442889376,0.9324235452751424,0.9385460090865689,0.9327434787180506,0.9433378468719196,0.9330223194798672,0.9469781554341696,0.9336258955617485,0.9497965863091595,0.9343349132583554,0.952054917079554,0.9325534465312348,0.9541619273472275,0.9311950285068908,0.956001129648241,0.9304544358475524,0.9576157030998623,0.930099857485251,0.9591967688551182,0.9303432817325162,0.9608818609750418,0.9317957851587686,0.9626785157595226,0.9336640489675032,0.9646482045245146,0.9357023934228236,0.9669692134150986,0.9379681751300963,0.9661107050564276,0.9384514118848581,0.9605166389963266,0.9359416964366245,0.9508272814374359,0.9308433759691728,0.9328551528677682,0.9140762820004494,0.92476091576304,0.9321403382783857,0.9386394172383987],"LAY/W/J":[0.9500000000000024,0.9500000000000024,1,0.9999999999999973,0.9366417882172329,0.9358956367141344,0.8935484310743952,0.9156841847648399,0.9180080984618435,0.9215078912122797,0.928494989689054,0.9290638957792741,0.9353702724884306,0.9354774594842608,0.9404512656003834,0.9405273116810249,0.9443584133500446,0.9444464359238636,0.9474503866229833,0.9475495084240535,0.9499560040656443,0.9500673597422584,0.9520268823238405,0.9522197600447706,0.9537942550024775,0.9540553907582133,0.9554073471920481,0.9557048502012089,0.9568888636328441,0.957199783482206,0.9583925037207703,0.958783738346144,0.9600429980676408,0.9607193423769625,0.9618612142038084,0.9627437644318917,0.9638686825864873,0.9647512112609604,0.9662334979400052,0.9669870072266364,0.9679634315421045,0.9687658471462448,0.9667509433884502,0.9680009120527007,0.963071958724449,0.9634684560297183,0.9540409099056884,0.9475322238750354,0.9502996134428744,0.9548387531003036,0.9591310214608798],"EX/Q-G":[2.631578947368421e-3,2.631578947368421e-3,0,7.041239304188096e-3,0,2.5009295371664297e-2,0,4.872735412755347e-4,0,0,0,0,0,0,0,0,0,0,0,0,0,2.8062585825383568e-5,0,2.6990355915528785e-3,0,4.876418491337575e-3,0,6.5668835870125175e-3,0,7.919624771833417e-3,0,8.962665106368478e-3,0,9.531731928271503e-3,0,9.900447954702268e-3,0,1.014379356303946e-2,0,1.0360512196846167e-2,0,1.0065741692575125e-2,0,9.124933383332395e-3,0,7.130492310526093e-3,0,3.818428584003164e-3,0,0,0],"LAY/Q/C-O":[0.9973684210526341,0.9973684210526341,1,0.9999999999999973,0.9999999999999991,0.9999999999999991,1.0000000000000004,1.0000000000000258,1.0000000000000018,1.000000000000008,0.999999999999998,1.0000000000000036,0.9999999999999959,0.9999999999999984,0.9999999999999973,0.9999999999999967,0.9999999999999997,0.9999999999999907,0.9999999999999967,0.9999999999999991,0.9999999999999922,0.9999999999999909,1.0000000000000013,1.0000000000000102,1.0000000000000022,1.000000000000003,1,0.999999999999996,0.9999999999999998,1.0000000000000058,0.9999999999999993,1.0000000000000036,0.9999999999999982,0.9999999999999972,1.0000000000000004,1.0000000000000009,0.9999999999999969,1.0000000000000036,0.9999999999999976,1.0000000000000009,1.0000000000000009,1.000000000000003,0.9999999999999984,0.9999999999999964,1.0000000000000016,1.0000000000000033,0.9999999999999998,0.9999999999999988,1,1,1],"Q/F-Q":[2.631578947368421e-3,2.631578947368421e-3,0,0,0,0,0,0,0,0,0,0,0,0,0,0,0,0,0,0,0,0,0,0,0,0,0,0,0,0,0,0,0,0,0,0,0,0,0,0,0,0,0,0,0,0,0,0,0,0,0],"LAY/EX/S-H":[0.9973684210526341,0.9973684210526341,1,0.9999999999999973,0.9999999999999991,0.9999999999999991,1.0000000000000004,1.0000000000000258,1.0000000000000018,1.000000000000008,0.999999999999998,1.0000000000000036,0.9999999999999959,0.9999999999999984,0.9999999999999973,0.9999999999999967,0.9999999999999997,0.9999999999999907,0.9999999999999967,0.9999999999999991,0.9999999999999922,0.9999999999999909,1.0000000000000013,1.0000000000000102,1.0000000000000022,1.000000000000003,1,0.999999999999996,0.9999999999999998,1.0000000000000058,0.9999999999999993,1.0000000000000036,0.9999999999999982,0.9999999999999972,1.0000000000000004,0.9995566673148448,0.9999999999999969,0.9988973535673686,0.9999999999999976,0.9983269434472529,1.0000000000000009,0.9981444157513876,0.9999999999999984,0.9984278800842399,1.0000000000000016,0.9996385861103955,0.9999999999999998,0.9999999999999988,1,1,1],"Q/D-H":[2.631578947368421e-3,2.631578947368421e-3,0,0.2928625047550666,0,0.167919928097104,0,0.11194876093006223,0,5.882356759382679e-2,0,3.9594514802050174e-2,0,3.606031728952225e-2,0,3.524924467713303e-2,0,3.474678571625461e-2,0,3.418946956525065e-2,0,3.363053049999726e-2,0,3.3041430898036905e-2,1.0339507721198737e-3,3.3462484874418386e-2,5.918435793618365e-3,3.7400834765940055e-2,1.3304816840954165e-2,4.371735200636351e-2,2.221394942591398e-2,5.1470651010272206e-2,3.249228176398897e-2,6.0301958861750965e-2,4.407744543998099e-2,7.039349952711707e-2,5.693685308771207e-2,8.176043597512109e-2,7.080423047963202e-2,9.421989117943338e-2,8.547159101317256e-2,0.10724928117481158,0.10044481163582049,0.12027735524861627,0.11627368258235908,0.13334600677611627,0.13529162450324955,0.14857416126463796,0.150862418402878,0.15296894594585642,0.15490737489745293],